sample_id	experiment_protocol	host_mapper	virus_mapper	virus	abundance_raw_read_count	norm_total_reads_read_count	frac_ge_1	mean_depth_ge_1	pass_k_90pct_ge_1
1_S1	NEB_RD	bwa_mem	bowtie2	HEV	1	0.00832670985198157	0.002	1	0
1_S1	NEB_RD	bwa_mem	bwa_mem	HEV	0	0	0	NA	0
1_S1	NEB_RD	HISAT2	bowtie2	HEV	108	0.89928466401401	0.036938	34.357401	0
1_S1	NEB_RD	HISAT2	bwa_mem	HEV	19328	160.9386480191	0.034938	2150.041985	0
1_S1	NEB_RD	STAR	bowtie2	HEV	889	7.40244505841162	0.043606	195.186544	0
1_S1	NEB_RD	STAR	bwa_mem	HEV	21847	181.913630136241	0.035338	3052.441509	0
1_S1	NEB_RD	bwa_mem	bowtie2	Zika	1396	11.6240869533663	0.953771	13.404274	1
1_S1	NEB_RD	bwa_mem	bwa_mem	Zika	1409	11.732334181442	0.953771	13.475182	1
1_S1	NEB_RD	HISAT2	bowtie2	Zika	2013	16.7616669320389	0.991477	18.548028	1
1_S1	NEB_RD	HISAT2	bwa_mem	Zika	2031	16.9115477093746	0.991477	18.626051	1
1_S1	NEB_RD	STAR	bowtie2	Zika	2013	16.7616669320389	0.991477	18.548028	1
1_S1	NEB_RD	STAR	bwa_mem	Zika	2027	16.8782408699667	0.991477	18.616707	1
